id	url	source	notes
1	https://nant.wd5.myworkdayjobs.com/immunitybio/job/Remote/Software-Engineer--UI-UX_R2970	pipeline
2	https://job-boards.greenhouse.io/engine/jobs/7723942003	pipeline
3	https://www.brex.com/careers/8501025002?gh_jid=8501025002	pipeline	Brex - Senior Software Engineer, Frontend
4	https://www.brex.com/careers/8472633002?gh_jid=8472633002	pipeline	Brex - Senior Software Engineer, Full Stack
5	https://www.brex.com/careers/8501052002?gh_jid=8501052002	pipeline	Brex - Senior Software Engineer, Frontend
6	https://www.brex.com/careers/8472634002?gh_jid=8472634002	pipeline	Brex - Senior Software Engineer, Full Stack
7	https://www.brex.com/careers/8472635002?gh_jid=8472635002	pipeline	Brex - Senior Software Engineer, Full Stack
8	https://www.brex.com/careers/8536763002?gh_jid=8536763002	pipeline	Brex - Senior Software Engineer, Frontend
9	https://jobs.ashbyhq.com/mightyacorndigital/ee391e08-7bc0-45c5-8212-16a9f35564de	pipeline
10	https://sedgwick.wd1.myworkdayjobs.com/sedgwick/job/Telecommuter-TN/Lead-Web-Front-end-Engineer_R73206	pipeline	Sedgwick - Lead Web Front-end Engineer
11	https://jobs.lever.co/mendix/363ea555-7964-42bb-8464-0dd9b4efb3a6	pipeline
12	https://jobs.ashbyhq.com/evenup/3a1b8a7a-db0d-4260-b434-c2ed21073071	pipeline
13	https://careers.sumsub.com/jobs/7511769-junior-frontend-developer	pipeline	Sumsub - Junior Frontend Developer
14	https://job-boards.greenhouse.io/neuraflash/jobs/5994369004	pipeline	NeuraFlash
15	https://jobs.workable.com/view/8DmfaYZyWaAE2iGSkVdtkR/remote-senior-or-staff-growth-engineer-in-united-states-at-skylight	pipeline	Skylight - Senior/Staff Growth Engineer
16	https://jobs.ashbyhq.com/further/d94ee0ff-1c3a-43a2-a872-c0e0c760d0b4	pipeline
17	https://jobs.ashbyhq.com/sekai/3b727ebd-b3d3-4f32-a955-c4aa57f8e14f?utm_source=29O4qad8VW	pipeline
18	https://jobs.ashbyhq.com/plaid/3f299587-7bed-4e59-9eb1-2d5d1df01821?utm_source=aZL6JYLDoN&src=linkedin	pipeline
19	https://job-boards.greenhouse.io/doordashusa/jobs/7751558	pipeline
20	https://jobs.ashbyhq.com/givebutter/642f7a29-dff1-4770-a331-635ef31856d3	pipeline
21	https://ats.rippling.com/1nhealth/jobs/788f6ba1-9a1c-4678-ac63-2f9700112560	pipeline
22	https://jobs.ashbyhq.com/saronic/0246e75c-e283-464e-b3e3-0c79f2118fb7?departmentId=615a18c2-9b48-48b2-a9b5-27d6f36c9f41	pipeline
